id,datetime,title,url,text
vO6s36LK3R,2014-08-21 13:30:33 -0400,run,http://code.tutsplus.com/articles/the-11-phases-of-a-web-developers-career-as-illustrated-by-memes--net-30840,
8wXvOFUhdm,2014-08-21 13:52:29 -0400,carojane blog,carojane.github.io,
OSssLS30rT,2014-08-21 16:07:06 -0400,tet,http://flickr.com/groups/onthestreet,
pL3Q29ANo7,2014-08-21 16:08:02 -0400,example,http://flickr.com/groups/onthestreet,
4DtBN4IinI,2014-08-21 16:10:07 -0400,test,http://flickr.com/groups/onthestreet,
yVM9n7bIhH,2014-08-21 16:12:39 -0400,test,http://flickr.com/groups/onthestreet,
lWmPpCtDDb,2014-08-21 16:12:55 -0400,test,http://flickr.com/groups/onthestreet3,
5EaAXgTfWy,2014-08-21 16:52:03 -0400,test,http://www.gombooza.com,
USNiFP4sCl,2014-08-21 17:00:24 -0400,hi,http://www.intel.com,
uuGgs24lwg,2014-08-21 17:00:55 -0400,googlei,http://flickr.com/groups/onthestreet3343,
CA8j8zDfOJ,2014-08-21 17:06:14 -0400,tryit,www.example.com,
nDeFVn0elz,2014-08-21 17:06:32 -0400,hthtpp,http://flickr.com/groups/onthestreet3343235,
